Classifier_Name,Cross_validation_Score
LR,0.6178870000903677
KNN,0.5827032689713801
Decision Tree,0.5523055335214322
RF,0.6751629130561386
NB,0.46369134042218496
SVM Non Linear,0.09061895246988576
SVM Linear,0.22734470963488057
